arm_code,arm_label,estimate,std_error,p_value,conf_low,conf_high,n_arm,n_control
1,Flagging,-0.0207,0.0189,0.2729,-0.0577,0.0163,214,176
2,Provenance,0.0093,0.0143,0.517,-0.0188,0.0373,141,176
3,Automated Flagging,0.0393,0.0156,0.0117,0.0088,0.0699,125,176
4,AI Accuracy Nudge,0.0214,0.0164,0.1916,-0.0107,0.0535,326,176
5,Breathing Exercise,0.0176,0.0233,0.4508,-0.0281,0.0633,132,176
6,Mindfulness,-0.0454,0.0197,0.0211,-0.084,-0.0068,174,176
7,Inoculation,0.0026,0.0195,0.8951,-0.0356,0.0408,77,176
8,AI Literacy Infographic,0.0102,0.0174,0.5587,-0.024,0.0444,100,176
9,AI Literacy Infographic 2,-0.0051,0.0284,0.8588,-0.0608,0.0507,78,176
10,AI Literacy Guide,0.0436,0.0217,0.045,0.001,0.0862,155,176
11,AI Text Video,0.0151,0.0127,0.2353,-0.0098,0.04,285,176
