arm_code,arm_label,outcome,estimate,std_error,p_value,conf_low,conf_high,n
1,Flagging,fake_score,0.0062,0.0394,0.8753,-0.0711,0.0835,2023
2,Provenance,fake_score,0.0403,0.0284,0.1557,-0.0153,0.096,2023
3,Automated Flagging,fake_score,0.0415,0.0319,0.1928,-0.021,0.104,2023
4,AI Accuracy Nudge,fake_score,0.068,0.0275,0.0135,0.014,0.122,2023
5,Breathing Exercise,fake_score,0.0961,0.0297,0.0012,0.0379,0.1544,2023
6,Mindfulness,fake_score,-0.041,0.0482,0.3948,-0.1355,0.0535,2023
7,Inoculation,fake_score,0.0206,0.0419,0.6236,-0.0616,0.1027,2023
8,AI Literacy Infographic,fake_score,0.0262,0.032,0.4131,-0.0365,0.0888,2023
9,AI Literacy Infographic 2,fake_score,0.0554,0.0406,0.173,-0.0243,0.135,2023
10,AI Literacy Guide,fake_score,0.0716,0.0393,0.0687,-0.0055,0.1487,2023
11,AI Text Video,fake_score,0.0101,0.0243,0.6765,-0.0374,0.0577,2023
1,Flagging,real_score,-0.0366,0.0272,0.1788,-0.0898,0.0167,2025
2,Provenance,real_score,-0.0139,0.0211,0.5097,-0.0554,0.0275,2025
3,Automated Flagging,real_score,0.0386,0.0224,0.0851,-0.0053,0.0825,2025
4,AI Accuracy Nudge,real_score,-0.014,0.0268,0.6018,-0.0666,0.0386,2025
5,Breathing Exercise,real_score,-0.0456,0.0332,0.1693,-0.1105,0.0194,2025
6,Mindfulness,real_score,-0.0503,0.0442,0.2553,-0.1369,0.0363,2025
7,Inoculation,real_score,-0.0072,0.0286,0.8014,-0.0632,0.0489,2025
8,AI Literacy Infographic,real_score,0.0023,0.0271,0.9312,-0.0508,0.0555,2025
9,AI Literacy Infographic 2,real_score,-0.0618,0.0306,0.0437,-0.1218,-0.0018,2025
10,AI Literacy Guide,real_score,0.0261,0.025,0.2951,-0.0228,0.075,2025
11,AI Text Video,real_score,0.0222,0.0174,0.2034,-0.012,0.0564,2025
