group,arm,arm_label,estimate,std_error,p_value,conf_low,conf_high,n
low,1,Flagging,0.0223490733357255,0.017655560919486956,0.20557122088045587,-0.012255190193321816,0.056953336864772816,992
low,2,Provenance,0.039876990706441295,0.018927433379281246,0.035131831335192355,0.0027799029632688058,0.07697407844961379,992
low,3,Automated Flagging,0.029523281832811443,0.019884517340834816,0.13761346356836676,-0.009449656005186963,0.06849621967080985,992
low,4,AI Accuracy Nudge,0.0025897589617890245,0.01583974098412663,0.8701266961363625,-0.0284555628915422,0.03363508081512025,992
low,5,Breathing Exercise,-0.012032851514513193,0.021077170807619287,0.5680708176899444,-0.053343347193446,0.029277644164419615,992
low,6,Mindfulness,-0.0051677973229836555,0.019015958425771202,0.7858057359969908,-0.042438390969006194,0.03210279632303888,992
low,7,Inoculation,-0.0055115008713931685,0.03205083471017844,0.8634680110324875,-0.06832998257778916,0.057306980835002824,992
low,8,AI Lit. Infographic,0.03402381971243698,0.02141192333741268,0.1120575086499151,-0.007942778868624545,0.07599041829349851,992
low,9,AI Lit. Infographic 2,-0.003141346094412814,0.029240397802171386,0.9144464948593469,-0.060451472680292884,0.054168780491467255,992
low,10,AI Literacy Guide,0.021049025733073018,0.020160392171473605,0.2964492164003767,-0.0184646168372185,0.060562668303364535,992
low,11,AI Text Video,0.01993392420358754,0.016467633783323814,0.226090502181313,-0.012342044922322208,0.05220989332949729,992
high,1,Flagging,-0.010806499489170231,0.017897504502289673,0.5459771295381004,-0.04588496372680145,0.024271964748460995,1038
high,2,Provenance,-0.01920790082842399,0.020535734323284503,0.3496129295949668,-0.05945720049814463,0.021041398841296653,1038
high,3,Automated Flagging,0.034154134848398555,0.022094702345661025,0.12215130297197747,-0.009150685998229706,0.07745895569502681,1038
high,4,AI Accuracy Nudge,0.03189159149812685,0.01688453324445071,0.05891795714320162,-0.0012014855567657676,0.06498466855301946,1038
high,5,Breathing Exercise,0.014083738081945709,0.021340641984527165,0.5092864754577101,-0.02774315161469092,0.05591062777858234,1038
high,6,Mindfulness,0.009042691789640277,0.01946862149051342,0.6423073262025227,-0.029115105160408536,0.04720048873968909,1038
high,7,Inoculation,0.009668794842446118,0.022637545323865638,0.6692968655236345,-0.03469997869072365,0.05403756837561588,1038
high,8,AI Lit. Infographic,-0.0005530934290521299,0.02385140776788131,0.9814994081558885,-0.04730099363467838,0.046194806776574115,1038
high,9,AI Lit. Infographic 2,-0.0056579879745600175,0.0250237897502909,0.821120253349946,-0.05470371464183273,0.043387738692712695,1038
high,10,AI Literacy Guide,-0.010028014861431919,0.019404807800024557,0.6053098046104776,-0.04806073927640197,0.028004709553538128,1038
high,11,AI Text Video,0.024951917879637964,0.017993600341176575,0.16553000068737966,-0.01031489074127575,0.06021872650055168,1038
