analysis_id,arm_code,arm_label,term,estimate,std_error,statistic,p_value,conf_low,conf_high,n
E1,1,Flagging,"C(arm_code, Treatment(reference=0))[T.1]",0.021776785204280794,0.027020105166665604,0.8059474628228526,0.42027314259123716,-0.031181647780868425,0.07473521818943002,2030
E1,2,Provenance,"C(arm_code, Treatment(reference=0))[T.2]",0.023823501719926216,0.020321536229013427,1.1723277931081297,0.24106547718378457,-0.016005977399466003,0.06365298083931843,2030
E1,3,Automated Flagging,"C(arm_code, Treatment(reference=0))[T.3]",-0.0021994129512516447,0.021935680446466654,-0.10026645658972119,0.9201327870225844,-0.04519255660270578,0.040793730700202493,2030
E1,4,AI Accuracy Nudge,"C(arm_code, Treatment(reference=0))[T.4]",0.03702188690893332,0.02194824837568703,1.6867809346436946,0.09164548275679855,-0.0059958894311529995,0.08003966324901965,2030
E1,5,Breathing Exercise,"C(arm_code, Treatment(reference=0))[T.5]",0.06861466036653965,0.021914252142417323,3.131051879873592,0.0017418138720991733,0.025663515419271983,0.11156580531380733,2030
E1,6,Mindfulness,"C(arm_code, Treatment(reference=0))[T.6]",0.008622996437389202,0.04195910487917689,0.2055095422607204,0.8371740435597501,-0.07361533794933635,0.09086133082411475,2030
E1,7,Inoculation,"C(arm_code, Treatment(reference=0))[T.7]",0.016781214054240243,0.029259802671432137,0.5735245122013285,0.5662896070871557,-0.040566945376515604,0.0741293734849961,2030
E1,8,AI Literacy Infographic,"C(arm_code, Treatment(reference=0))[T.8]",0.013847934656258526,0.023787311819985404,0.5821563512958154,0.5604613710716073,-0.03277433979993679,0.06047020911245384,2030
E1,9,AI Literacy Infographic 2,"C(arm_code, Treatment(reference=0))[T.9]",0.05660406448542247,0.02240850572431742,2.5260079891894116,0.011536685768821395,0.012684200318400687,0.10052392865244425,2030
E1,10,AI Literacy Guide,"C(arm_code, Treatment(reference=0))[T.10]",0.018271590990887925,0.02361199467552988,0.7738266606430991,0.43903330419323794,-0.028007068176302156,0.064550250158078,2030
E1,11,AI Text Video,"C(arm_code, Treatment(reference=0))[T.11]",-0.006009400704617945,0.01666105686699906,-0.3606854446623314,0.7183346067850442,-0.03866447210830985,0.02664567069907396,2030
