analysis,term,arm,estimate,std_error,p_value,conf_low,conf_high,n
E2,"C(arm_code, Treatment(reference='0'))[T.1]:_mod",Flagging x ai_scale,-0.037351049772391454,0.07856723851775162,0.6345002202656443,-0.19134000763195272,0.11663790808716981,2030
E2,"C(arm_code, Treatment(reference='0'))[T.2]:_mod",Provenance x ai_scale,-0.14280188689521342,0.06872471397750718,0.03772017414135173,-0.27749985113894393,-0.008103922651482909,2030
E2,"C(arm_code, Treatment(reference='0'))[T.3]:_mod",Automated Flagging x ai_scale,-0.040437255661783245,0.07437223436386799,0.5866380134839158,-0.18620415646473668,0.10532964514117019,2030
E2,"C(arm_code, Treatment(reference='0'))[T.4]:_mod",AI Accuracy Nudge x ai_scale,-0.1404401929559393,0.07629286060171116,0.06565030568019321,-0.28997145201282803,0.009091066100949424,2030
E2,"C(arm_code, Treatment(reference='0'))[T.5]:_mod",Breathing Exercise x ai_scale,-0.057120750393005376,0.12284535728668218,0.6419451019460093,-0.29789322634285753,0.18365172555684678,2030
E2,"C(arm_code, Treatment(reference='0'))[T.6]:_mod",Mindfulness x ai_scale,-0.24496596670961368,0.10082322554945616,0.015113071877629003,-0.44257585759170637,-0.047356075827520994,2030
E2,"C(arm_code, Treatment(reference='0'))[T.7]:_mod",Inoculation x ai_scale,-0.12272915729206085,0.11918572623968646,0.30313661336400477,-0.3563288881930968,0.11087057360897509,2030
E2,"C(arm_code, Treatment(reference='0'))[T.8]:_mod",AI Literacy Infographic x ai_scale,-0.09116780159029284,0.08857926946830792,0.30337500210668944,-0.2647799795250448,0.08244437634445911,2030
E2,"C(arm_code, Treatment(reference='0'))[T.9]:_mod",AI Literacy Infographic 2 x ai_scale,0.07593811438173899,0.11713018405324718,0.5167764912670572,-0.15363282786517324,0.30550905662865124,2030
E2,"C(arm_code, Treatment(reference='0'))[T.10]:_mod",AI Literacy Guide x ai_scale,-0.08370562977565682,0.11610993064018639,0.47096054616140437,-0.31127691207786584,0.1438656525265522,2030
E2,"C(arm_code, Treatment(reference='0'))[T.11]:_mod",AI Text Video x ai_scale,-0.1182518931133971,0.06824205353979736,0.08312584864706056,-0.25200386028245403,0.01550007405565984,2030
