arm_code,arm_label,estimate,std_error,p_value,conf_low,conf_high,n
1,Flagging,0.0022497547418561525,0.012576487328459143,0.8580273888213039,-0.02239970747394813,0.026899216957660434,1983
2,Provenance,0.00972645039536453,0.01421249211412535,0.4937483435176683,-0.018129522278880688,0.03758242306960975,1983
3,Automated Flagging,0.03240724564686259,0.014875551880712958,0.02936455365862502,0.0032516997105081283,0.06156279158321706,1983
4,AI Accuracy Nudge,0.01643637544383486,0.011665774632805244,0.15885293754891971,-0.006428122688224392,0.03930087357589411,1983
5,Breathing Exercise,0.0011631145710183088,0.015172580427174679,0.9388948360368422,-0.02857459661878141,0.030900825760818026,1983
6,Mindfulness,0.001178867765575381,0.013849566897217232,0.9321664132916371,-0.025965784554448538,0.0283235200855993,1983
7,Inoculation,0.000345632935772857,0.019980263003485047,0.9861983083185503,-0.03881496295269593,0.03950622882424164,1983
8,AI Literacy Infographic,0.011495934108383628,0.016158173860180168,0.47679770623693174,-0.02017350471350604,0.043165372930273296,1983
9,AI Literacy Infographic 2,-0.002489684610628054,0.019530364613715538,0.8985623767226668,-0.04076849585844603,0.03578912663718992,1983
10,AI Literacy Guide,6.91308537688895e-05,0.013972635290477231,0.9960524113943025,-0.02731673108467984,0.02745499279221762,1983
11,AI Text Video,0.020426980148053525,0.012249454023362102,0.09539855377366388,-0.003581508568015458,0.04443546886412251,1983
