arm,arm_label,estimate,std_error,p_value,conf_low,conf_high,n
1,Flagging,-0.0986368662297438,0.07069172777934633,0.1629224138821116,-0.23719010668217227,0.03991637422268468,2030
2,Provenance,-0.11574983744704115,0.06802670761252178,0.08884253409915734,-0.24907973435442055,0.01758005946033825,2030
3,Automated Flagging,-0.01693535389927653,0.0806660468760371,0.8337113672822484,-0.17503790055152899,0.14116719275297593,2030
4,AI Accuracy Nudge,-0.11574455116226312,0.06115612050032845,0.05841004465296433,-0.23560834477709855,0.004119242452572308,2030
5,Breathing Exercise,0.024541302500815446,0.08283301026461462,0.767020515418293,-0.13780841434886582,0.18689101935049673,2030
6,Mindfulness,-0.07659770847429988,0.07399505975357898,0.3005879963802315,-0.22162536062520394,0.06842994367660417,2030
7,Inoculation,-0.08204038850859768,0.11222153853208214,0.46474408061117745,-0.3019905623211526,0.13790978530395723,2030
8,AI Lit. Infographic,-0.06181907671794043,0.08434504840418271,0.46360068781114416,-0.2271323338644261,0.10349418042854525,2030
9,AI Lit. Infographic 2,-0.08181090005335304,0.0813344777281168,0.3144840896126956,-0.24122354710183713,0.07760174699513106,2030
10,AI Literacy Guide,-0.014439774232400636,0.08467752587028735,0.8645959830496375,-0.18040467523812254,0.15152512677332125,2030
11,AI Text Video,-0.09388405970844992,0.06644214166186019,0.15764991131506478,-0.22410826442140414,0.03634014500450432,2030
