outcome,arm_code,arm_label,estimate,std_error,p_value,conf_low,conf_high
video_score,1,Flagging,0.0173,0.0323,0.5919,-0.0459,0.0805
video_score,2,Provenance,0.0337,0.0302,0.2651,-0.0256,0.0929
video_score,3,Automated Flagging,0.0474,0.0331,0.1523,-0.0175,0.1124
video_score,4,AI Accuracy Nudge,0.0552,0.0343,0.108,-0.0121,0.1225
video_score,5,Breathing Exercise,0.0723,0.037,0.0508,-0.0002,0.1448
video_score,6,Mindfulness,-0.0496,0.0443,0.2632,-0.1364,0.0372
video_score,7,Inoculation,0.0175,0.0423,0.6786,-0.0653,0.1004
video_score,8,AI Literacy Infographic,0.0376,0.0333,0.2583,-0.0276,0.1028
video_score,9,AI Literacy Infographic 2,0.0167,0.053,0.7527,-0.0871,0.1205
video_score,10,AI Literacy Guide,0.0983,0.0371,0.0081,0.0255,0.171
video_score,11,AI Text Video,0.0227,0.0252,0.3677,-0.0267,0.072
image_score,1,Flagging,-0.0323,0.0224,0.1479,-0.0762,0.0115
image_score,2,Provenance,0.0019,0.0144,0.8929,-0.0264,0.0302
image_score,3,Automated Flagging,0.0367,0.0148,0.0134,0.0076,0.0657
image_score,4,AI Accuracy Nudge,0.0098,0.0196,0.6167,-0.0286,0.0482
image_score,5,Breathing Exercise,-0.0037,0.026,0.8865,-0.0546,0.0472
image_score,6,Mindfulness,-0.0441,0.0252,0.08,-0.0934,0.0053
image_score,7,Inoculation,-0.0014,0.0174,0.9339,-0.0355,0.0326
image_score,8,AI Literacy Infographic,0.0042,0.0198,0.8322,-0.0346,0.0429
image_score,9,AI Literacy Infographic 2,-0.0179,0.0228,0.4344,-0.0626,0.0269
image_score,10,AI Literacy Guide,0.0259,0.0212,0.2214,-0.0156,0.0673
image_score,11,AI Text Video,0.0119,0.0121,0.3228,-0.0117,0.0356
