arm_code,arm_label,estimate,std_error,p_value,conf_low,conf_high,n_arm
1,Flagging,0.0285,0.0432,0.5089,-0.0561,0.1131,215
2,Provenance,-0.0215,0.0352,0.5411,-0.0906,0.0475,145
3,Automated Flagging,-0.0209,0.0342,0.5399,-0.0879,0.046,127
4,AI Accuracy Nudge,0.0541,0.0344,0.116,-0.0133,0.1215,333
5,Breathing Exercise,0.0258,0.0431,0.5495,-0.0586,0.1102,134
6,Mindfulness,-0.0089,0.0384,0.8158,-0.0841,0.0663,180
7,Inoculation,0.0319,0.0404,0.4291,-0.0472,0.1111,78
8,AI Literacy Infographic,0.0335,0.0342,0.3277,-0.0336,0.1005,102
9,AI Literacy Infographic 2,-0.0276,0.0586,0.638,-0.1424,0.0873,80
10,AI Literacy Guide,0.0441,0.0397,0.2677,-0.0338,0.122,162
11,AI Text Video,0.0299,0.0273,0.2722,-0.0235,0.0834,293
