arm_code,estimate,std_error,p_value,conf_low,conf_high
1,0.0022497547418561525,0.012576487328459143,0.8580273888213039,-0.022400160421923766,0.02689966990563607
2,0.00972645039536453,0.01421249211412535,0.4937483435176683,-0.018130034148321154,0.03758293493905021
3,0.03240724564686259,0.014875551880712958,0.02936455365862502,0.0032511639606651946,0.06156332733305999
4,0.01643637544383486,0.011665774632805244,0.15885293754891971,-0.006428542836463418,0.03930129372413314
5,0.0011631145710183088,0.015172580427174679,0.9388948360368422,-0.028575143066244063,0.03090137220828068
6,0.001178867765575381,0.013849566897217232,0.9321664132916371,-0.025966283352970392,0.028324018884121154
7,0.000345632935772857,0.019980263003485047,0.9861983083185503,-0.03881568255105783,0.03950694842260355
8,0.011495934108383628,0.016158173860180168,0.47679770623693174,-0.0201740866575695,0.043165954874336755
9,-0.002489684610628054,0.019530364613715538,0.8985623767226668,-0.04076919925351051,0.0357898300322544
10,6.91308537688895e-05,0.013972635290477231,0.9960524113943025,-0.027317234315566482,0.02745549602310426
11,0.020426980148053525,0.012249454023362102,0.09539855377366388,-0.003581949737736196,0.04443591003384324
pooled,0.008455436545442062,0.0008214008655214926,0.0,0.006845490849019936,0.010065382241864186
