analysis_id,term,estimate,std_error,statistic,p_value,conf_low,conf_high
H4,Intercept,2.307039609802466,0.03781891930707901,61.00226162122593,0.0,2.2329158900263644,2.3811633295785675
H4,"C(arm_code, Treatment(reference='0'))[T.1]",-0.012595214702902813,0.06613134587185227,-0.19045755892084093,0.8489505974931884,-0.14221027086089483,0.1170198414550892
H4,"C(arm_code, Treatment(reference='0'))[T.10]",-0.09444557853911136,0.08228811200934727,-1.147742684002558,0.2510748047404423,-0.2557273144332299,0.06683615735500718
H4,"C(arm_code, Treatment(reference='0'))[T.11]",-0.03366821064323927,0.060939463566620694,-0.5524861669717893,0.5806153092890283,-0.15310736447100662,0.08577094318452808
H4,"C(arm_code, Treatment(reference='0'))[T.2]",-0.0363125306265753,0.0695009375733557,-0.5224754067274093,0.6013393653836718,-0.17253186516211907,0.09990680390896847
H4,"C(arm_code, Treatment(reference='0'))[T.3]",-0.021335987680820456,0.06062839428462085,-0.3519141143778006,0.7249026737181405,-0.14016545691917137,0.09749348155753046
H4,"C(arm_code, Treatment(reference='0'))[T.4]",-0.0008097573945874403,0.05403755603175821,-0.014985085448933717,0.9880440791355484,-0.10672142102939869,0.10510190624022381
H4,"C(arm_code, Treatment(reference='0'))[T.5]",-0.06545635505548486,0.06982664663106061,-0.9374122661415085,0.34854653378778044,-0.20231406761356877,0.07140135750259904
H4,"C(arm_code, Treatment(reference='0'))[T.6]",0.012359251891990955,0.08141006837016908,0.15181478334834234,0.879333021864615,-0.14720155009248387,0.17192005387646575
H4,"C(arm_code, Treatment(reference='0'))[T.7]",0.034754401546665786,0.0650588977492831,0.5341990526891267,0.5932038244780318,-0.09275869491580307,0.16226749800913465
H4,"C(arm_code, Treatment(reference='0'))[T.8]",-0.1464726142280809,0.06465539034664144,-2.265435463969625,0.0234859701293353,-0.27319485071387684,-0.01975037774228497
H4,"C(arm_code, Treatment(reference='0'))[T.9]",-0.10012101208433617,0.08128352709916732,-1.2317503393053648,0.2180423592218349,-0.2594337977350896,0.05919177356641726
H4,media_trust_c,-0.3452695251315205,0.054814244074913906,-6.2989015165409405,2.9976236294583555e-10,-0.45270346935813977,-0.23783558090490117
H4,"C(arm_code, Treatment(reference='0'))[T.1]:media_trust_c",0.03977839334874671,0.0827672562269976,0.480605437005794,0.630796950508131,-0.12244244795536711,0.20199923465286052
H4,"C(arm_code, Treatment(reference='0'))[T.10]:media_trust_c",0.20908538158252865,0.10688324646687204,1.9562035070419916,0.05044118556178449,-0.0004019320432585294,0.41857269520831586
H4,"C(arm_code, Treatment(reference='0'))[T.11]:media_trust_c",0.0474405969004571,0.07305511282818977,0.6493809271368506,0.5160921889005132,-0.09574479312930495,0.19062598693021915
H4,"C(arm_code, Treatment(reference='0'))[T.2]:media_trust_c",0.04588433400904107,0.10588595155705378,0.43333731561469263,0.6647697326012685,-0.16164831751153722,0.25341698552961933
H4,"C(arm_code, Treatment(reference='0'))[T.3]:media_trust_c",0.039764112799070384,0.0917767556004676,0.4332699771189971,0.6648186466522708,-0.1401150227957808,0.21964324839392158
H4,"C(arm_code, Treatment(reference='0'))[T.4]:media_trust_c",0.11380524265774766,0.07102216881702424,1.6023904163071432,0.10906930276565976,-0.02539565032754354,0.25300613564303887
H4,"C(arm_code, Treatment(reference='0'))[T.5]:media_trust_c",0.25437136868415,0.10719108123993729,2.3730646779722586,0.01764117448764806,0.04428070998996589,0.4644620273783341
H4,"C(arm_code, Treatment(reference='0'))[T.6]:media_trust_c",0.07618460620673051,0.08077746491947592,0.9431418314832749,0.3456083615627481,-0.08213631579788994,0.23450552821135096
H4,"C(arm_code, Treatment(reference='0'))[T.7]:media_trust_c",0.17084602007961203,0.10263808991808868,1.6645479296814405,0.09600298115501915,-0.030320939601825414,0.37201297976104947
H4,"C(arm_code, Treatment(reference='0'))[T.8]:media_trust_c",0.03807796345180345,0.08341699347097319,0.45647729398271264,0.6480467950188903,-0.12541633944991684,0.20157226635352374
H4,"C(arm_code, Treatment(reference='0'))[T.9]:media_trust_c",-0.07712279478595147,0.1398870605253582,-0.5513218627677928,0.5814130539121237,-0.3512963953188282,0.1970508057469253
H4,pk_score_c,-0.1819950326778304,0.1320171294278323,-1.3785713525707186,0.1680269542283055,-0.44074385169874464,0.07675378634308383
H4,"C(arm_code, Treatment(reference='0'))[T.1]:pk_score_c",-0.29439727180935205,0.26275033509412365,-1.1204448957368283,0.262524222207807,-0.8093784655196651,0.220583921900961
H4,"C(arm_code, Treatment(reference='0'))[T.10]:pk_score_c",0.17510052579989066,0.3293309343822947,0.5316856314403494,0.5949437452194392,-0.4703762445843308,0.8205772961841121
H4,"C(arm_code, Treatment(reference='0'))[T.11]:pk_score_c",-0.06858151287106713,0.19304507591867054,-0.35526165350086614,0.7223935802276488,-0.4469429090644619,0.30977988332232764
H4,"C(arm_code, Treatment(reference='0'))[T.2]:pk_score_c",0.1208069307948435,0.24724831644705486,0.4886056759893562,0.6251208938102732,-0.3637908646795463,0.6054047262692333
H4,"C(arm_code, Treatment(reference='0'))[T.3]:pk_score_c",0.009311720143592661,0.20900607998498402,0.04455238883128022,0.9644640931545089,-0.4003326691768739,0.4189561094640592
H4,"C(arm_code, Treatment(reference='0'))[T.4]:pk_score_c",0.10040527003492783,0.20363056269470867,0.4930756400524196,0.6219591424290445,-0.29870329899832665,0.4995138390681823
H4,"C(arm_code, Treatment(reference='0'))[T.5]:pk_score_c",-0.21739056621506253,0.24033593282108032,-0.9045279399685122,0.3657155259728627,-0.6884403387352178,0.2536592063050928
H4,"C(arm_code, Treatment(reference='0'))[T.6]:pk_score_c",0.31368510092934,0.2395419440475822,1.3095205609044824,0.190358077668346,-0.15580848219062987,0.7831786840493098
H4,"C(arm_code, Treatment(reference='0'))[T.7]:pk_score_c",-0.06352549948384428,0.2800346303395813,-0.22684872726923344,0.820541372354329,-0.6123832893734111,0.4853322904057226
H4,"C(arm_code, Treatment(reference='0'))[T.8]:pk_score_c",-0.058383840265761766,0.26911873556467125,-0.21694453990079665,0.8282515662636764,-0.5858468695374759,0.4690791890059524
H4,"C(arm_code, Treatment(reference='0'))[T.9]:pk_score_c",-0.37138540397540054,0.3809760822233836,-0.9748260358182811,0.32964656002783066,-1.1180848041044027,0.3753139961536016
H4,ai_scale_c,0.05619935796985931,0.23673468750313864,0.23739384609242875,0.812351263409954,-0.40779210342763683,0.5201908193673555
H4,"C(arm_code, Treatment(reference='0'))[T.1]:ai_scale_c",-1.04611882275169,0.599327875277239,-1.745486679170017,0.0809001892021799,-2.220779873225992,0.1285422277226118
H4,"C(arm_code, Treatment(reference='0'))[T.10]:ai_scale_c",0.39781549408549455,0.530320718302994,0.7501413396755249,0.4531695839318072,-0.641594014043785,1.4372250022147741
H4,"C(arm_code, Treatment(reference='0'))[T.11]:ai_scale_c",0.04170460290098821,0.3415233953121523,0.1221134583265378,0.9028091634446898,-0.6276689517886659,0.7110781575906423
H4,"C(arm_code, Treatment(reference='0'))[T.2]:ai_scale_c",0.20016142121098013,0.38744166777614203,0.516623372906371,0.6054190965021455,-0.5592102937403911,0.9595331361623514
H4,"C(arm_code, Treatment(reference='0'))[T.3]:ai_scale_c",0.1597096468911161,0.3813444671423065,0.41880677616208123,0.6753573522052445,-0.5877117744114227,0.907131068193655
H4,"C(arm_code, Treatment(reference='0'))[T.4]:ai_scale_c",0.0717344738169502,0.2780308219693628,0.25800907003344714,0.796399907285635,-0.4731959238350685,0.6166648714689689
H4,"C(arm_code, Treatment(reference='0'))[T.5]:ai_scale_c",-0.08626201378415765,0.3434153651538015,-0.2511885679475188,0.801668322737986,-0.7593437612232801,0.5868197336549648
H4,"C(arm_code, Treatment(reference='0'))[T.6]:ai_scale_c",0.07506891317545383,0.3575524312081656,0.20995218217869985,0.8337049942552168,-0.625720974577286,0.7758588009281937
H4,"C(arm_code, Treatment(reference='0'))[T.7]:ai_scale_c",0.3293698246957504,0.38323679720202486,0.85944206584662,0.39009666995193937,-0.42176049537069893,1.0805001447621998
H4,"C(arm_code, Treatment(reference='0'))[T.8]:ai_scale_c",-0.12126299432462523,0.4012836216676938,-0.30218774895588457,0.7625089428674278,-0.9077644403791021,0.6652384517298515
H4,"C(arm_code, Treatment(reference='0'))[T.9]:ai_scale_c",-0.30088602601286096,0.3577696499516848,-0.8410048925432727,0.40034519353735576,-1.0021016546796655,0.4003296026539436
H4,political_interest_c,0.03504687176186447,0.042149081954774396,0.8314978674854523,0.40569243244037045,-0.04756381085092044,0.11765755437464938
H4,"C(arm_code, Treatment(reference='0'))[T.1]:political_interest_c",0.040154540295322616,0.060824905367712526,0.6601660956572193,0.509147247016483,-0.07906008358845094,0.1593691641790962
H4,"C(arm_code, Treatment(reference='0'))[T.10]:political_interest_c",-0.10401961996611568,0.08593188380350864,-1.2104892312609643,0.22609122047828578,-0.2724430173446734,0.06440377741244203
H4,"C(arm_code, Treatment(reference='0'))[T.11]:political_interest_c",-0.020603118407048593,0.0560328159887295,-0.36769735811944065,0.7130989106796677,-0.13042541969731852,0.08921918288322132
H4,"C(arm_code, Treatment(reference='0'))[T.2]:political_interest_c",0.02369658768948166,0.06299274856795643,0.3761796115931953,0.7067833717062345,-0.09976693079090002,0.14716010616986333
H4,"C(arm_code, Treatment(reference='0'))[T.3]:political_interest_c",-0.026782015193005104,0.06135619973927862,-0.4365005542522212,0.6624735971816869,-0.14703795691023705,0.09347392652422684
H4,"C(arm_code, Treatment(reference='0'))[T.4]:political_interest_c",-0.006197789767037512,0.0631912465416053,-0.09807987824637815,0.9218688653127475,-0.13005035712677515,0.11765477759270011
H4,"C(arm_code, Treatment(reference='0'))[T.5]:political_interest_c",0.06979081828922162,0.07553711851151919,0.9239274632719638,0.35552408323182794,-0.0782592134892898,0.21784085006773304
H4,"C(arm_code, Treatment(reference='0'))[T.6]:political_interest_c",-0.0421398250815197,0.0793981044970173,-0.5307409458761416,0.5955983076565642,-0.1977572503364213,0.1134776001733819
H4,"C(arm_code, Treatment(reference='0'))[T.7]:political_interest_c",-0.007166896872890072,0.06963210626460203,-0.10292517715399647,0.9180223553366218,-0.14364331731917593,0.12930952357339578
H4,"C(arm_code, Treatment(reference='0'))[T.8]:political_interest_c",0.012657772934783998,0.07466657043246498,0.1695239631534008,0.86538452526401,-0.13368601596197066,0.15900156183153863
H4,"C(arm_code, Treatment(reference='0'))[T.9]:political_interest_c",-0.039092294729215854,0.0962446753630454,-0.40617618150568285,0.6846131536603479,-0.2277283921445343,0.1495438026861026
