analysis_id,arm_code,arm_label,estimate,std_error,p_value,conf_low,conf_high,n_arm,n_arm_eligible,mean_control,mean_arm,p_directional,supported
H4:1,1,Flagging,-0.012595214702902813,0.06613134587185227,0.8489505974931884,-0.14221027086089483,0.1170198414550892,214,215,2.324388318863457,2.3251001335113486,0.8489505974931884,False
H4:2,2,Provenance,-0.0363125306265753,0.0695009375733557,0.6013393653836718,-0.17253186516211907,0.09990680390896847,144,145,2.324388318863457,2.3154761904761907,0.6013393653836718,False
H4:3,3,Automated Flagging,-0.021335987680820456,0.06062839428462085,0.7249026737181405,-0.14016545691917137,0.09749348155753046,124,127,2.324388318863457,2.2811059907834106,0.7249026737181405,False
H4:4,4,AI Accuracy Nudge,-0.0008097573945874403,0.05403755603175821,0.9880440791355484,-0.10672142102939869,0.10510190624022381,327,333,2.324388318863457,2.294014853647881,0.9880440791355484,False
H4:5,5,Breathing Exercise,-0.06545635505548486,0.06982664663106061,0.34854653378778044,-0.20231406761356877,0.07140135750259904,134,134,2.324388318863457,2.2430703624733472,0.34854653378778044,False
H4:6,6,Mindfulness,0.012359251891990955,0.08141006837016908,0.879333021864615,-0.14720155009248387,0.17192005387646575,178,180,2.324388318863457,2.303370786516854,0.879333021864615,False
H4:7,7,Inoculation,0.034754401546665786,0.0650588977492831,0.5932038244780318,-0.09275869491580307,0.16226749800913465,76,78,2.324388318863457,2.3552631578947367,0.5932038244780318,False
H4:8,8,AI Literacy Infographic,-0.1464726142280809,0.06465539034664144,0.0234859701293353,-0.27319485071387684,-0.01975037774228497,102,102,2.324388318863457,2.194677871148459,0.0234859701293353,True
H4:9,9,AI Literacy Infographic 2,-0.10012101208433617,0.08128352709916732,0.2180423592218349,-0.2594337977350896,0.05919177356641726,79,80,2.324388318863457,2.307414104882459,0.2180423592218349,False
H4:10,10,AI Literacy Guide,-0.09444557853911136,0.08228811200934727,0.2510748047404423,-0.2557273144332299,0.06683615735500718,161,162,2.324388318863457,2.267080745341615,0.2510748047404423,False
H4:11,11,AI Text Video,-0.03366821064323927,0.060939463566620694,0.5806153092890283,-0.15310736447100662,0.08577094318452808,288,293,2.324388318863457,2.283234126984127,0.5806153092890283,False
