analysis_id,outcome,formula,cov_type,estimate,std_error,p_value,n,mean_control,mean_treated,direction,p_directional,n_eligible,n_control,supported,term,arm,weights,tau2,i2,pooled_method,k_arms
H1:1,total_score,"total_score ~ C(arm_code, Treatment(reference='0')) * (media_trust_c + pk_score_c + ai_scale_c + political_interest_c)",HC2,-0.009733633854671526,0.014870831453869904,0.5127605078909832,2030,0.6934901251291532,0.6982064288940235,two_sided,0.5127605078909832,2030,181,False,"C(arm_code, Treatment(reference='0'))[T.1]",1,ipw,,,,
H1:2,total_score,"total_score ~ C(arm_code, Treatment(reference='0')) * (media_trust_c + pk_score_c + ai_scale_c + political_interest_c)",HC2,0.010824538682980018,0.014090171429634387,0.44234860212622795,2030,0.6934901251291532,0.7049807742352568,two_sided,0.44234860212622795,2030,181,False,"C(arm_code, Treatment(reference='0'))[T.2]",2,ipw,,,,
H1:3,total_score,"total_score ~ C(arm_code, Treatment(reference='0')) * (media_trust_c + pk_score_c + ai_scale_c + political_interest_c)",HC2,0.04394232193291375,0.015053135488860923,0.003509901706590516,2030,0.6934901251291532,0.7259677800022988,two_sided,0.003509901706590516,2030,181,True,"C(arm_code, Treatment(reference='0'))[T.3]",3,ipw,,,,
H1:4,total_score,"total_score ~ C(arm_code, Treatment(reference='0')) * (media_trust_c + pk_score_c + ai_scale_c + political_interest_c)",HC2,0.019987101707486223,0.015095976536367274,0.18550241169760961,2030,0.6934901251291532,0.7125116332384022,two_sided,0.18550241169760961,2030,181,False,"C(arm_code, Treatment(reference='0'))[T.4]",4,ipw,,,,
H1:5,total_score,"total_score ~ C(arm_code, Treatment(reference='0')) * (media_trust_c + pk_score_c + ai_scale_c + political_interest_c)",HC2,0.014751409147362822,0.02234530993500854,0.5091531873769733,2030,0.6934901251291532,0.6958931098564781,two_sided,0.5091531873769733,2030,181,False,"C(arm_code, Treatment(reference='0'))[T.5]",5,ipw,,,,
H1:6,total_score,"total_score ~ C(arm_code, Treatment(reference='0')) * (media_trust_c + pk_score_c + ai_scale_c + political_interest_c)",HC2,-0.03883921460847699,0.018088871758888764,0.031782689850758813,2030,0.6934901251291532,0.6956248217535627,two_sided,0.031782689850758813,2030,181,True,"C(arm_code, Treatment(reference='0'))[T.6]",6,ipw,,,,
H1:7,total_score,"total_score ~ C(arm_code, Treatment(reference='0')) * (media_trust_c + pk_score_c + ai_scale_c + political_interest_c)",HC2,0.008469584804398703,0.01871481382100819,0.6508652740398227,2030,0.6934901251291532,0.6958756476887088,two_sided,0.6508652740398227,2030,181,False,"C(arm_code, Treatment(reference='0'))[T.7]",7,ipw,,,,
H1:8,total_score,"total_score ~ C(arm_code, Treatment(reference='0')) * (media_trust_c + pk_score_c + ai_scale_c + political_interest_c)",HC2,0.01188112751220017,0.016641724681360513,0.4752667120980456,2030,0.6934901251291532,0.7102829604024743,two_sided,0.4752667120980456,2030,181,False,"C(arm_code, Treatment(reference='0'))[T.8]",8,ipw,,,,
H1:9,total_score,"total_score ~ C(arm_code, Treatment(reference='0')) * (media_trust_c + pk_score_c + ai_scale_c + political_interest_c)",HC2,-0.007671711497314972,0.021229736275933164,0.7178256282254674,2030,0.6934901251291532,0.6892538187263673,two_sided,0.7178256282254674,2030,181,False,"C(arm_code, Treatment(reference='0'))[T.9]",9,ipw,,,,
H1:10,total_score,"total_score ~ C(arm_code, Treatment(reference='0')) * (media_trust_c + pk_score_c + ai_scale_c + political_interest_c)",HC2,0.04693373626763831,0.023178468790794562,0.04287916317124645,2030,0.6934901251291532,0.6993921867829739,two_sided,0.04287916317124645,2030,181,True,"C(arm_code, Treatment(reference='0'))[T.10]",10,ipw,,,,
H1:11,total_score,"total_score ~ C(arm_code, Treatment(reference='0')) * (media_trust_c + pk_score_c + ai_scale_c + political_interest_c)",HC2,0.015531600445526976,0.012709195563675417,0.22167896039243384,2030,0.6934901251291532,0.7164668740759201,two_sided,0.22167896039243384,2030,181,False,"C(arm_code, Treatment(reference='0'))[T.11]",11,ipw,,,,
H1:pooled,total_score,"total_score ~ C(arm_code, Treatment(reference='0')) * (media_trust_c + pk_score_c + ai_scale_c + political_interest_c)",HC2,0.010493925163554066,0.006970805506085053,0.132218521055415,2030,0.6934901251291532,0.7059798904182714,two_sided,0.132218521055415,2030,181,False,,pooled,ipw,0.00024295175146656686,0.44542089472559543,iterated,11.0
H2:1,ai_attitudes,"ai_attitudes ~ C(arm_code, Treatment(reference='0')) * (media_trust_c + pk_score_c + ai_scale_c + political_interest_c)",HC2,-0.1363916334767245,0.1665127795329112,0.41272588180026337,2010,4.187150837988827,4.214622641509434,two_sided,0.41272588180026337,2030,179,False,"C(arm_code, Treatment(reference='0'))[T.1]",1,ipw,,,,
H2:2,ai_attitudes,"ai_attitudes ~ C(arm_code, Treatment(reference='0')) * (media_trust_c + pk_score_c + ai_scale_c + political_interest_c)",HC2,-0.07701514514718946,0.12796429535165132,0.5472748528310505,2010,4.187150837988827,4.116898148148148,two_sided,0.5472748528310505,2030,179,False,"C(arm_code, Treatment(reference='0'))[T.2]",2,ipw,,,,
H2:3,ai_attitudes,"ai_attitudes ~ C(arm_code, Treatment(reference='0')) * (media_trust_c + pk_score_c + ai_scale_c + political_interest_c)",HC2,-0.11743790124094815,0.15557062134276922,0.45031809183127847,2010,4.187150837988827,4.061679790026247,two_sided,0.45031809183127847,2030,179,False,"C(arm_code, Treatment(reference='0'))[T.3]",3,ipw,,,,
H2:4,ai_attitudes,"ai_attitudes ~ C(arm_code, Treatment(reference='0')) * (media_trust_c + pk_score_c + ai_scale_c + political_interest_c)",HC2,-0.02925302393316309,0.276164399363264,0.9156409680884067,2010,4.187150837988827,4.219536757301107,two_sided,0.9156409680884067,2030,179,False,"C(arm_code, Treatment(reference='0'))[T.4]",4,ipw,,,,
H2:5,ai_attitudes,"ai_attitudes ~ C(arm_code, Treatment(reference='0')) * (media_trust_c + pk_score_c + ai_scale_c + political_interest_c)",HC2,-0.5430779822311866,0.2301740467254561,0.018303369822705202,2010,4.187150837988827,4.145994832041343,two_sided,0.018303369822705202,2030,179,True,"C(arm_code, Treatment(reference='0'))[T.5]",5,ipw,,,,
H2:6,ai_attitudes,"ai_attitudes ~ C(arm_code, Treatment(reference='0')) * (media_trust_c + pk_score_c + ai_scale_c + political_interest_c)",HC2,-0.09910425415596258,0.13192043253492935,0.45250664207522817,2010,4.187150837988827,4.1158192090395485,two_sided,0.45250664207522817,2030,179,False,"C(arm_code, Treatment(reference='0'))[T.6]",6,ipw,,,,
H2:7,ai_attitudes,"ai_attitudes ~ C(arm_code, Treatment(reference='0')) * (media_trust_c + pk_score_c + ai_scale_c + political_interest_c)",HC2,-0.15959285666179354,0.2801432998360875,0.5688927678992288,2010,4.187150837988827,4.231601731601732,two_sided,0.5688927678992288,2030,179,False,"C(arm_code, Treatment(reference='0'))[T.7]",7,ipw,,,,
H2:8,ai_attitudes,"ai_attitudes ~ C(arm_code, Treatment(reference='0')) * (media_trust_c + pk_score_c + ai_scale_c + political_interest_c)",HC2,-0.08154946544189012,0.15811415172010723,0.6060197874485722,2010,4.187150837988827,4.181372549019607,two_sided,0.6060197874485722,2030,179,False,"C(arm_code, Treatment(reference='0'))[T.8]",8,ipw,,,,
H2:9,ai_attitudes,"ai_attitudes ~ C(arm_code, Treatment(reference='0')) * (media_trust_c + pk_score_c + ai_scale_c + political_interest_c)",HC2,-0.03271579370468558,0.22836929755414534,0.8860862004194421,2010,4.187150837988827,4.2666666666666675,two_sided,0.8860862004194421,2030,179,False,"C(arm_code, Treatment(reference='0'))[T.9]",9,ipw,,,,
H2:10,ai_attitudes,"ai_attitudes ~ C(arm_code, Treatment(reference='0')) * (media_trust_c + pk_score_c + ai_scale_c + political_interest_c)",HC2,-0.0016536535169916489,0.17915857444247146,0.9926355415600295,2010,4.187150837988827,4.097308488612837,two_sided,0.9926355415600295,2030,179,False,"C(arm_code, Treatment(reference='0'))[T.10]",10,ipw,,,,
H2:11,ai_attitudes,"ai_attitudes ~ C(arm_code, Treatment(reference='0')) * (media_trust_c + pk_score_c + ai_scale_c + political_interest_c)",HC2,-0.10792657492854775,0.11645656472588317,0.354054328016972,2010,4.187150837988827,4.054410080183276,two_sided,0.354054328016972,2030,179,False,"C(arm_code, Treatment(reference='0'))[T.11]",11,ipw,,,,
H2:pooled,ai_attitudes,"ai_attitudes ~ C(arm_code, Treatment(reference='0')) * (media_trust_c + pk_score_c + ai_scale_c + political_interest_c)",HC2,-0.11053856857046787,0.049708290789040994,0.026165598323155966,2010,4.187150837988827,4.148188603677408,two_sided,0.026165598323155966,2030,179,True,,pooled,ipw,0.0,0.0,iterated,11.0
H3:1,ai_confidence,"ai_confidence ~ C(arm_code, Treatment(reference='0')) * (media_trust_c + pk_score_c + ai_scale_c + political_interest_c)",HC2,-0.5251035099974596,0.2091988615136718,0.012070768268631906,2026,4.2707182320441985,4.186046511627907,two_sided,0.012070768268631906,2030,181,True,"C(arm_code, Treatment(reference='0'))[T.1]",1,ipw,,,,
H3:2,ai_confidence,"ai_confidence ~ C(arm_code, Treatment(reference='0')) * (media_trust_c + pk_score_c + ai_scale_c + political_interest_c)",HC2,-0.04877164657674782,0.1583545495937293,0.7580898029611759,2026,4.2707182320441985,4.2,two_sided,0.7580898029611759,2030,181,False,"C(arm_code, Treatment(reference='0'))[T.2]",2,ipw,,,,
H3:3,ai_confidence,"ai_confidence ~ C(arm_code, Treatment(reference='0')) * (media_trust_c + pk_score_c + ai_scale_c + political_interest_c)",HC2,-0.011824476531929445,0.17608638806448576,0.9464610435757118,2026,4.2707182320441985,4.181102362204724,two_sided,0.9464610435757118,2030,181,False,"C(arm_code, Treatment(reference='0'))[T.3]",3,ipw,,,,
H3:4,ai_confidence,"ai_confidence ~ C(arm_code, Treatment(reference='0')) * (media_trust_c + pk_score_c + ai_scale_c + political_interest_c)",HC2,0.07480444544332435,0.22042616534731002,0.7343364225118743,2026,4.2707182320441985,4.331325301204819,two_sided,0.7343364225118743,2030,181,False,"C(arm_code, Treatment(reference='0'))[T.4]",4,ipw,,,,
H3:5,ai_confidence,"ai_confidence ~ C(arm_code, Treatment(reference='0')) * (media_trust_c + pk_score_c + ai_scale_c + political_interest_c)",HC2,0.04326726690437374,0.2522968023816547,0.8638357246995494,2026,4.2707182320441985,4.149253731343284,two_sided,0.8638357246995494,2030,181,False,"C(arm_code, Treatment(reference='0'))[T.5]",5,ipw,,,,
H3:6,ai_confidence,"ai_confidence ~ C(arm_code, Treatment(reference='0')) * (media_trust_c + pk_score_c + ai_scale_c + political_interest_c)",HC2,-0.10637498577609149,0.2089056322198654,0.6106112451163772,2026,4.2707182320441985,4.235955056179775,two_sided,0.6106112451163772,2030,181,False,"C(arm_code, Treatment(reference='0'))[T.6]",6,ipw,,,,
H3:7,ai_confidence,"ai_confidence ~ C(arm_code, Treatment(reference='0')) * (media_trust_c + pk_score_c + ai_scale_c + political_interest_c)",HC2,0.5091896475361057,0.18886104576840554,0.007015506024971842,2026,4.2707182320441985,4.532467532467533,two_sided,0.007015506024971842,2030,181,True,"C(arm_code, Treatment(reference='0'))[T.7]",7,ipw,,,,
H3:8,ai_confidence,"ai_confidence ~ C(arm_code, Treatment(reference='0')) * (media_trust_c + pk_score_c + ai_scale_c + political_interest_c)",HC2,-0.26719642309584146,0.19789814041785572,0.17696098748346334,2026,4.2707182320441985,4.1568627450980395,two_sided,0.17696098748346334,2030,181,False,"C(arm_code, Treatment(reference='0'))[T.8]",8,ipw,,,,
H3:9,ai_confidence,"ai_confidence ~ C(arm_code, Treatment(reference='0')) * (media_trust_c + pk_score_c + ai_scale_c + political_interest_c)",HC2,-0.6857775549065825,0.26444207163444877,0.009505988284973755,2026,4.2707182320441985,3.8125,two_sided,0.009505988284973755,2030,181,True,"C(arm_code, Treatment(reference='0'))[T.9]",9,ipw,,,,
H3:10,ai_confidence,"ai_confidence ~ C(arm_code, Treatment(reference='0')) * (media_trust_c + pk_score_c + ai_scale_c + political_interest_c)",HC2,-0.4741281890286742,0.3195511326284495,0.13788007659046228,2026,4.2707182320441985,3.932098765432099,two_sided,0.13788007659046228,2030,181,False,"C(arm_code, Treatment(reference='0'))[T.10]",10,ipw,,,,
H3:11,ai_confidence,"ai_confidence ~ C(arm_code, Treatment(reference='0')) * (media_trust_c + pk_score_c + ai_scale_c + political_interest_c)",HC2,-0.210628896382955,0.1457508441864259,0.1484214144042237,2026,4.2707182320441985,4.1058020477815695,two_sided,0.1484214144042237,2030,181,False,"C(arm_code, Treatment(reference='0'))[T.11]",11,ipw,,,,
H3:pooled,ai_confidence,"ai_confidence ~ C(arm_code, Treatment(reference='0')) * (media_trust_c + pk_score_c + ai_scale_c + political_interest_c)",HC2,-0.13129895436744524,0.09720614048346196,0.17678291361459253,2026,4.2707182320441985,4.176693766937669,two_sided,0.17678291361459253,2030,181,False,,pooled,ipw,0.0601941887018146,0.5719809033362546,iterated,11.0
H4:1,trust_online,"trust_online ~ C(arm_code, Treatment(reference='0')) * (media_trust_c + pk_score_c + ai_scale_c + political_interest_c)",HC2,-0.012595214702902813,0.06613134587185227,0.8489505974931884,2008,2.324388318863457,2.3251001335113486,two_sided,0.8489505974931884,2030,181,False,"C(arm_code, Treatment(reference='0'))[T.1]",1,ipw,,,,
H4:2,trust_online,"trust_online ~ C(arm_code, Treatment(reference='0')) * (media_trust_c + pk_score_c + ai_scale_c + political_interest_c)",HC2,-0.0363125306265753,0.0695009375733557,0.6013393653836718,2008,2.324388318863457,2.3154761904761907,two_sided,0.6013393653836718,2030,181,False,"C(arm_code, Treatment(reference='0'))[T.2]",2,ipw,,,,
H4:3,trust_online,"trust_online ~ C(arm_code, Treatment(reference='0')) * (media_trust_c + pk_score_c + ai_scale_c + political_interest_c)",HC2,-0.021335987680820456,0.06062839428462085,0.7249026737181405,2008,2.324388318863457,2.2811059907834106,two_sided,0.7249026737181405,2030,181,False,"C(arm_code, Treatment(reference='0'))[T.3]",3,ipw,,,,
H4:4,trust_online,"trust_online ~ C(arm_code, Treatment(reference='0')) * (media_trust_c + pk_score_c + ai_scale_c + political_interest_c)",HC2,-0.0008097573945874403,0.05403755603175821,0.9880440791355484,2008,2.324388318863457,2.294014853647881,two_sided,0.9880440791355484,2030,181,False,"C(arm_code, Treatment(reference='0'))[T.4]",4,ipw,,,,
H4:5,trust_online,"trust_online ~ C(arm_code, Treatment(reference='0')) * (media_trust_c + pk_score_c + ai_scale_c + political_interest_c)",HC2,-0.06545635505548486,0.06982664663106061,0.34854653378778044,2008,2.324388318863457,2.2430703624733472,two_sided,0.34854653378778044,2030,181,False,"C(arm_code, Treatment(reference='0'))[T.5]",5,ipw,,,,
H4:6,trust_online,"trust_online ~ C(arm_code, Treatment(reference='0')) * (media_trust_c + pk_score_c + ai_scale_c + political_interest_c)",HC2,0.012359251891990955,0.08141006837016908,0.879333021864615,2008,2.324388318863457,2.303370786516854,two_sided,0.879333021864615,2030,181,False,"C(arm_code, Treatment(reference='0'))[T.6]",6,ipw,,,,
H4:7,trust_online,"trust_online ~ C(arm_code, Treatment(reference='0')) * (media_trust_c + pk_score_c + ai_scale_c + political_interest_c)",HC2,0.034754401546665786,0.0650588977492831,0.5932038244780318,2008,2.324388318863457,2.3552631578947367,two_sided,0.5932038244780318,2030,181,False,"C(arm_code, Treatment(reference='0'))[T.7]",7,ipw,,,,
H4:8,trust_online,"trust_online ~ C(arm_code, Treatment(reference='0')) * (media_trust_c + pk_score_c + ai_scale_c + political_interest_c)",HC2,-0.1464726142280809,0.06465539034664144,0.0234859701293353,2008,2.324388318863457,2.194677871148459,two_sided,0.0234859701293353,2030,181,True,"C(arm_code, Treatment(reference='0'))[T.8]",8,ipw,,,,
H4:9,trust_online,"trust_online ~ C(arm_code, Treatment(reference='0')) * (media_trust_c + pk_score_c + ai_scale_c + political_interest_c)",HC2,-0.10012101208433617,0.08128352709916732,0.2180423592218349,2008,2.324388318863457,2.307414104882459,two_sided,0.2180423592218349,2030,181,False,"C(arm_code, Treatment(reference='0'))[T.9]",9,ipw,,,,
H4:10,trust_online,"trust_online ~ C(arm_code, Treatment(reference='0')) * (media_trust_c + pk_score_c + ai_scale_c + political_interest_c)",HC2,-0.09444557853911136,0.08228811200934727,0.2510748047404423,2008,2.324388318863457,2.267080745341615,two_sided,0.2510748047404423,2030,181,False,"C(arm_code, Treatment(reference='0'))[T.10]",10,ipw,,,,
H4:11,trust_online,"trust_online ~ C(arm_code, Treatment(reference='0')) * (media_trust_c + pk_score_c + ai_scale_c + political_interest_c)",HC2,-0.03366821064323927,0.060939463566620694,0.5806153092890283,2008,2.324388318863457,2.283234126984127,two_sided,0.5806153092890283,2030,181,False,"C(arm_code, Treatment(reference='0'))[T.11]",11,ipw,,,,
H4:pooled,trust_online,"trust_online ~ C(arm_code, Treatment(reference='0')) * (media_trust_c + pk_score_c + ai_scale_c + political_interest_c)",HC2,-0.037973979043857596,0.020203222222102916,0.06016259602673552,2008,2.324388318863457,2.289154742356713,two_sided,0.06016259602673552,2030,181,False,,pooled,ipw,0.0,0.0,iterated,11.0
H5:1,fake_score,"fake_score ~ C(arm_code, Treatment(reference='0')) * (media_trust_c + pk_score_c + ai_scale_c + political_interest_c)",HC2,0.018185959914133708,0.026907286147803806,0.4991200613940584,2023,0.6776462334473384,0.6730202355783752,two_sided,0.4991200613940584,2030,181,False,"C(arm_code, Treatment(reference='0'))[T.1]",1,ipw,,,,
H5:2,fake_score,"fake_score ~ C(arm_code, Treatment(reference='0')) * (media_trust_c + pk_score_c + ai_scale_c + political_interest_c)",HC2,0.04042362294699475,0.029481276492210322,0.17032428232317887,2023,0.6776462334473384,0.7068485346071552,two_sided,0.17032428232317887,2030,181,False,"C(arm_code, Treatment(reference='0'))[T.2]",2,ipw,,,,
H5:3,fake_score,"fake_score ~ C(arm_code, Treatment(reference='0')) * (media_trust_c + pk_score_c + ai_scale_c + political_interest_c)",HC2,0.05006429867857489,0.030390344354727056,0.09948095589597584,2023,0.6776462334473384,0.7165090159184647,two_sided,0.09948095589597584,2030,181,False,"C(arm_code, Treatment(reference='0'))[T.3]",3,ipw,,,,
H5:4,fake_score,"fake_score ~ C(arm_code, Treatment(reference='0')) * (media_trust_c + pk_score_c + ai_scale_c + political_interest_c)",HC2,0.06608433693650716,0.026752871863236827,0.013504609855671717,2023,0.6776462334473384,0.6903612284636381,two_sided,0.013504609855671717,2030,181,True,"C(arm_code, Treatment(reference='0'))[T.4]",4,ipw,,,,
H5:5,fake_score,"fake_score ~ C(arm_code, Treatment(reference='0')) * (media_trust_c + pk_score_c + ai_scale_c + political_interest_c)",HC2,0.09096439266046011,0.030307781485025224,0.0026878156227308292,2023,0.6776462334473384,0.6976901208244491,two_sided,0.0026878156227308292,2030,181,True,"C(arm_code, Treatment(reference='0'))[T.5]",5,ipw,,,,
H5:6,fake_score,"fake_score ~ C(arm_code, Treatment(reference='0')) * (media_trust_c + pk_score_c + ai_scale_c + political_interest_c)",HC2,-0.040810755933332485,0.04145978467996552,0.3249456240766947,2023,0.6776462334473384,0.6895011568195926,two_sided,0.3249456240766947,2030,181,False,"C(arm_code, Treatment(reference='0'))[T.6]",6,ipw,,,,
H5:7,fake_score,"fake_score ~ C(arm_code, Treatment(reference='0')) * (media_trust_c + pk_score_c + ai_scale_c + political_interest_c)",HC2,0.0071844658657102475,0.04519271746313048,0.8736893792203353,2023,0.6776462334473384,0.706495879851143,two_sided,0.8736893792203353,2030,181,False,"C(arm_code, Treatment(reference='0'))[T.7]",7,ipw,,,,
H5:8,fake_score,"fake_score ~ C(arm_code, Treatment(reference='0')) * (media_trust_c + pk_score_c + ai_scale_c + political_interest_c)",HC2,0.024146014139224348,0.03094418067371267,0.4352091789524144,2023,0.6776462334473384,0.7051442294089353,two_sided,0.4352091789524144,2030,181,False,"C(arm_code, Treatment(reference='0'))[T.8]",8,ipw,,,,
H5:9,fake_score,"fake_score ~ C(arm_code, Treatment(reference='0')) * (media_trust_c + pk_score_c + ai_scale_c + political_interest_c)",HC2,0.05519021981225042,0.03719816916424495,0.13789354785653615,2023,0.6776462334473384,0.7354996620819406,two_sided,0.13789354785653615,2030,181,False,"C(arm_code, Treatment(reference='0'))[T.9]",9,ipw,,,,
H5:10,fake_score,"fake_score ~ C(arm_code, Treatment(reference='0')) * (media_trust_c + pk_score_c + ai_scale_c + political_interest_c)",HC2,0.07876267837446937,0.03998299110556145,0.048849304365678775,2023,0.6776462334473384,0.7270400432900433,two_sided,0.048849304365678775,2030,181,True,"C(arm_code, Treatment(reference='0'))[T.10]",10,ipw,,,,
H5:11,fake_score,"fake_score ~ C(arm_code, Treatment(reference='0')) * (media_trust_c + pk_score_c + ai_scale_c + political_interest_c)",HC2,0.005486848931922746,0.024704599054324844,0.8242373776104361,2023,0.6776462334473384,0.6893512157164036,two_sided,0.8242373776104361,2030,181,False,"C(arm_code, Treatment(reference='0'))[T.11]",11,ipw,,,,
H5:pooled,fake_score,"fake_score ~ C(arm_code, Treatment(reference='0')) * (media_trust_c + pk_score_c + ai_scale_c + political_interest_c)",HC2,0.03758371422353726,0.010557093443544318,0.00037079305522885297,2023,0.6776462334473384,0.6983329690577248,two_sided,0.00037079305522885297,2030,181,True,,pooled,ipw,0.00022141232186149868,0.175174509021769,iterated,11.0
H6:1,real_score,"real_score ~ C(arm_code, Treatment(reference='0')) * (media_trust_c + pk_score_c + ai_scale_c + political_interest_c)",HC2,-0.02988283011666087,0.026372225365356047,0.2571649126176906,2025,0.7063304252530772,0.7211043478485339,two_sided,0.2571649126176906,2030,181,False,"C(arm_code, Treatment(reference='0'))[T.1]",1,ipw,,,,
H6:2,real_score,"real_score ~ C(arm_code, Treatment(reference='0')) * (media_trust_c + pk_score_c + ai_scale_c + political_interest_c)",HC2,-0.012460843975581455,0.020549019599228464,0.5442518018160046,2025,0.7063304252530772,0.704418876143014,two_sided,0.5442518018160046,2030,181,False,"C(arm_code, Treatment(reference='0'))[T.2]",2,ipw,,,,
H6:3,real_score,"real_score ~ C(arm_code, Treatment(reference='0')) * (media_trust_c + pk_score_c + ai_scale_c + political_interest_c)",HC2,0.04020402231293428,0.02258564639304654,0.07506457262571059,2025,0.7063304252530772,0.735278959885259,two_sided,0.07506457262571059,2030,181,False,"C(arm_code, Treatment(reference='0'))[T.3]",3,ipw,,,,
H6:4,real_score,"real_score ~ C(arm_code, Treatment(reference='0')) * (media_trust_c + pk_score_c + ai_scale_c + political_interest_c)",HC2,-0.017767595116603082,0.026497567805502078,0.5025156364848331,2025,0.7063304252530772,0.7308043558043559,two_sided,0.5025156364848331,2030,181,False,"C(arm_code, Treatment(reference='0'))[T.4]",4,ipw,,,,
H6:5,real_score,"real_score ~ C(arm_code, Treatment(reference='0')) * (media_trust_c + pk_score_c + ai_scale_c + political_interest_c)",HC2,-0.04769499283173482,0.03354372523911407,0.15506246828402,2025,0.7063304252530772,0.696048955190746,two_sided,0.15506246828402,2030,181,False,"C(arm_code, Treatment(reference='0'))[T.5]",5,ipw,,,,
H6:6,real_score,"real_score ~ C(arm_code, Treatment(reference='0')) * (media_trust_c + pk_score_c + ai_scale_c + political_interest_c)",HC2,-0.041432563855047275,0.032089526293244165,0.1966498109910817,2025,0.7063304252530772,0.6969677746214058,two_sided,0.1966498109910817,2030,181,False,"C(arm_code, Treatment(reference='0'))[T.6]",6,ipw,,,,
H6:7,real_score,"real_score ~ C(arm_code, Treatment(reference='0')) * (media_trust_c + pk_score_c + ai_scale_c + political_interest_c)",HC2,0.011799385875997367,0.027653150055056926,0.669603468196244,2025,0.7063304252530772,0.6912860588185264,two_sided,0.669603468196244,2030,181,False,"C(arm_code, Treatment(reference='0'))[T.7]",7,ipw,,,,
H6:8,real_score,"real_score ~ C(arm_code, Treatment(reference='0')) * (media_trust_c + pk_score_c + ai_scale_c + political_interest_c)",HC2,-0.0009800477611308922,0.026997508021742226,0.9710420211326274,2025,0.7063304252530772,0.7102290209790211,two_sided,0.9710420211326274,2030,181,False,"C(arm_code, Treatment(reference='0'))[T.8]",8,ipw,,,,
H6:9,real_score,"real_score ~ C(arm_code, Treatment(reference='0')) * (media_trust_c + pk_score_c + ai_scale_c + political_interest_c)",HC2,-0.06070075737930443,0.025913914872729996,0.01916016145914345,2025,0.7063304252530772,0.6492002442002442,two_sided,0.01916016145914345,2030,181,True,"C(arm_code, Treatment(reference='0'))[T.9]",9,ipw,,,,
H6:10,real_score,"real_score ~ C(arm_code, Treatment(reference='0')) * (media_trust_c + pk_score_c + ai_scale_c + political_interest_c)",HC2,0.020594148742644175,0.024545988007769633,0.40146782808486337,2025,0.7063304252530772,0.6750140291806958,two_sided,0.40146782808486337,2030,181,False,"C(arm_code, Treatment(reference='0'))[T.10]",10,ipw,,,,
H6:11,real_score,"real_score ~ C(arm_code, Treatment(reference='0')) * (media_trust_c + pk_score_c + ai_scale_c + political_interest_c)",HC2,0.02329177694749531,0.017793287284958433,0.19052742330277006,2025,0.7063304252530772,0.7387393713592344,two_sided,0.19052742330277006,2030,181,False,"C(arm_code, Treatment(reference='0'))[T.11]",11,ipw,,,,
H6:pooled,real_score,"real_score ~ C(arm_code, Treatment(reference='0')) * (media_trust_c + pk_score_c + ai_scale_c + political_interest_c)",HC2,-0.006548823036075415,0.00975433841171649,0.5019814002476312,2025,0.7063304252530772,0.7121455310175484,two_sided,0.5019814002476312,2030,181,False,,pooled,ipw,0.0004048182249164781,0.4038257317383188,iterated,11.0
H1a:1,total_score,"total_score ~ C(arm_code, Treatment(reference='0')) * (media_trust_c + pk_score_c + ai_scale_c + political_interest_c)",HC2,-0.00569890626959357,0.015450265655981333,0.7122358774752122,1417,0.7009099108808862,0.7061857918039882,two_sided,0.7122358774752122,1417,120,False,"C(arm_code, Treatment(reference='0'))[T.1]",1,ipw,,,,
H1a:2,total_score,"total_score ~ C(arm_code, Treatment(reference='0')) * (media_trust_c + pk_score_c + ai_scale_c + political_interest_c)",HC2,-0.00017470074350653397,0.017663185925436902,0.9921085157590667,1417,0.7009099108808862,0.7098612337317144,two_sided,0.9921085157590667,1417,120,False,"C(arm_code, Treatment(reference='0'))[T.2]",2,ipw,,,,
H1a:3,total_score,"total_score ~ C(arm_code, Treatment(reference='0')) * (media_trust_c + pk_score_c + ai_scale_c + political_interest_c)",HC2,0.03633303375124598,0.018019021839570323,0.04376119177194175,1417,0.7009099108808862,0.7315531212769376,two_sided,0.04376119177194175,1417,120,True,"C(arm_code, Treatment(reference='0'))[T.3]",3,ipw,,,,
H1a:4,total_score,"total_score ~ C(arm_code, Treatment(reference='0')) * (media_trust_c + pk_score_c + ai_scale_c + political_interest_c)",HC2,0.021095146513761126,0.017075083257878716,0.2166688489889098,1417,0.7009099108808862,0.7197355491038457,two_sided,0.2166688489889098,1417,120,False,"C(arm_code, Treatment(reference='0'))[T.4]",4,ipw,,,,
H1a:5,total_score,"total_score ~ C(arm_code, Treatment(reference='0')) * (media_trust_c + pk_score_c + ai_scale_c + political_interest_c)",HC2,0.013957165932644691,0.023146969572051857,0.5465218154768314,1417,0.7009099108808862,0.7135068859183549,two_sided,0.5465218154768314,1417,120,False,"C(arm_code, Treatment(reference='0'))[T.5]",5,ipw,,,,
H1a:6,total_score,"total_score ~ C(arm_code, Treatment(reference='0')) * (media_trust_c + pk_score_c + ai_scale_c + political_interest_c)",HC2,-0.036563706178316446,0.02363370094734581,0.12183905802698325,1417,0.7009099108808862,0.7044019857518559,two_sided,0.12183905802698325,1417,120,False,"C(arm_code, Treatment(reference='0'))[T.6]",6,ipw,,,,
H1a:7,total_score,"total_score ~ C(arm_code, Treatment(reference='0')) * (media_trust_c + pk_score_c + ai_scale_c + political_interest_c)",HC2,0.0041229408527501815,0.021737319217283675,0.8495668827596943,1417,0.7009099108808862,0.7092260018386117,two_sided,0.8495668827596943,1417,120,False,"C(arm_code, Treatment(reference='0'))[T.7]",7,ipw,,,,
H1a:8,total_score,"total_score ~ C(arm_code, Treatment(reference='0')) * (media_trust_c + pk_score_c + ai_scale_c + political_interest_c)",HC2,0.01701932728885617,0.018575187038040307,0.3595410887385866,1417,0.7009099108808862,0.7214169767853977,two_sided,0.3595410887385866,1417,120,False,"C(arm_code, Treatment(reference='0'))[T.8]",8,ipw,,,,
H1a:9,total_score,"total_score ~ C(arm_code, Treatment(reference='0')) * (media_trust_c + pk_score_c + ai_scale_c + political_interest_c)",HC2,0.004152974578800227,0.025457952234087464,0.8704154972032266,1417,0.7009099108808862,0.7018965942725233,two_sided,0.8704154972032266,1417,120,False,"C(arm_code, Treatment(reference='0'))[T.9]",9,ipw,,,,
H1a:10,total_score,"total_score ~ C(arm_code, Treatment(reference='0')) * (media_trust_c + pk_score_c + ai_scale_c + political_interest_c)",HC2,0.023380434316912543,0.02732839922284425,0.3922543830500965,1417,0.7009099108808862,0.6983493840013881,two_sided,0.3922543830500965,1417,120,False,"C(arm_code, Treatment(reference='0'))[T.10]",10,ipw,,,,
H1a:11,total_score,"total_score ~ C(arm_code, Treatment(reference='0')) * (media_trust_c + pk_score_c + ai_scale_c + political_interest_c)",HC2,0.009415097131671088,0.014899999360660048,0.5274615416405497,1417,0.7009099108808862,0.7219866731925996,two_sided,0.5274615416405497,1417,120,False,"C(arm_code, Treatment(reference='0'))[T.11]",11,ipw,,,,
H1a:pooled,total_score,"total_score ~ C(arm_code, Treatment(reference='0')) * (media_trust_c + pk_score_c + ai_scale_c + political_interest_c)",HC2,0.008630462686747588,0.005777185629811008,0.13520514879781959,1417,0.7009099108808862,0.7135645288872089,two_sided,0.13520514879781959,1417,120,False,,pooled,ipw,0.0,0.0,iterated,11.0
H2a:1,ai_attitudes,"ai_attitudes ~ C(arm_code, Treatment(reference='0'))",HC2,-0.014655555005843701,0.1872190579786683,0.9376051260093928,2010,4.187150837988827,4.214622641509434,two_sided,0.9376051260093928,2030,179,False,"C(arm_code, Treatment(reference='0'))[T.1]",1,ipw,,,,
H2a:2,ai_attitudes,"ai_attitudes ~ C(arm_code, Treatment(reference='0'))",HC2,-0.0875657706811829,0.1368718397346303,0.5223255890293801,2010,4.187150837988827,4.116898148148148,two_sided,0.5223255890293801,2030,179,False,"C(arm_code, Treatment(reference='0'))[T.2]",2,ipw,,,,
H2a:3,ai_attitudes,"ai_attitudes ~ C(arm_code, Treatment(reference='0'))",HC2,-0.21300975088886842,0.16173425335076916,0.1878267301853137,2010,4.187150837988827,4.061679790026247,two_sided,0.1878267301853137,2030,179,False,"C(arm_code, Treatment(reference='0'))[T.3]",3,ipw,,,,
H2a:4,ai_attitudes,"ai_attitudes ~ C(arm_code, Treatment(reference='0'))",HC2,-0.08842059389005974,0.2368051567136243,0.7088584637037079,2010,4.187150837988827,4.219536757301107,two_sided,0.7088584637037079,2030,179,False,"C(arm_code, Treatment(reference='0'))[T.4]",4,ipw,,,,
H2a:5,ai_attitudes,"ai_attitudes ~ C(arm_code, Treatment(reference='0'))",HC2,-0.6329608464993246,0.2490955295739009,0.011052436308142993,2010,4.187150837988827,4.145994832041343,two_sided,0.011052436308142993,2030,179,True,"C(arm_code, Treatment(reference='0'))[T.5]",5,ipw,,,,
H2a:6,ai_attitudes,"ai_attitudes ~ C(arm_code, Treatment(reference='0'))",HC2,0.003922981625608057,0.16935750894454635,0.9815195287367102,2010,4.187150837988827,4.1158192090395485,two_sided,0.9815195287367102,2030,179,False,"C(arm_code, Treatment(reference='0'))[T.6]",6,ipw,,,,
H2a:7,ai_attitudes,"ai_attitudes ~ C(arm_code, Treatment(reference='0'))",HC2,-0.29490537733774286,0.2994255690333339,0.3246713322564616,2010,4.187150837988827,4.231601731601732,two_sided,0.3246713322564616,2030,179,False,"C(arm_code, Treatment(reference='0'))[T.7]",7,ipw,,,,
H2a:8,ai_attitudes,"ai_attitudes ~ C(arm_code, Treatment(reference='0'))",HC2,-0.10390979164166103,0.15583681501456723,0.5049088975958541,2010,4.187150837988827,4.181372549019607,two_sided,0.5049088975958541,2030,179,False,"C(arm_code, Treatment(reference='0'))[T.8]",8,ipw,,,,
H2a:9,ai_attitudes,"ai_attitudes ~ C(arm_code, Treatment(reference='0'))",HC2,0.0007535650925962756,0.2504310534604501,0.9975991114628726,2010,4.187150837988827,4.2666666666666675,two_sided,0.9975991114628726,2030,179,False,"C(arm_code, Treatment(reference='0'))[T.9]",9,ipw,,,,
H2a:10,ai_attitudes,"ai_attitudes ~ C(arm_code, Treatment(reference='0'))",HC2,-0.1167064401596053,0.203255027677279,0.5658411136911692,2010,4.187150837988827,4.097308488612837,two_sided,0.5658411136911692,2030,179,False,"C(arm_code, Treatment(reference='0'))[T.10]",10,ipw,,,,
H2a:11,ai_attitudes,"ai_attitudes ~ C(arm_code, Treatment(reference='0'))",HC2,-0.169303978831445,0.1225231908105321,0.1670295250206284,2010,4.187150837988827,4.054410080183276,two_sided,0.1670295250206284,2030,179,False,"C(arm_code, Treatment(reference='0'))[T.11]",11,ipw,,,,
H2a:pooled,ai_attitudes,"ai_attitudes ~ C(arm_code, Treatment(reference='0'))",HC2,-0.1337042933913745,0.053601918064408234,0.012617246783474029,2010,4.187150837988827,4.148188603677408,two_sided,0.012617246783474029,2030,179,True,,pooled,ipw,0.0,0.0,iterated,11.0
